date,incident_type,severity,status,description,reported_by
2024-04-13,Brute Force,High,In Progress,Automatically generated incident #1,SecurityTeam
2023-07-18,DDoS,Medium,Resolved,Automatically generated incident #2,SecurityTeam
2024-03-26,Unauthorized Access,Medium,In Progress,Automatically generated incident #3,Bob
2023-01-02,Malware,Medium,In Progress,Automatically generated incident #4,ITDepartment
2024-05-28,Ransomware,Medium,In Progress,Automatically generated incident #5,SOC Analyst
2023-06-25,Ransomware,Medium,Resolved,Automatically generated incident #6,SecurityTeam
2024-03-12,Unauthorized Access,Critical,Open,Automatically generated incident #7,Alice
2024-03-16,Unauthorized Access,Medium,Resolved,Automatically generated incident #8,SecurityTeam
2023-07-27,Malware,High,Open,Automatically generated incident #9,ITDepartment
2024-11-23,SQL Injection,Critical,Resolved,Automatically generated incident #10,Bob
2023-06-27,Phishing,Critical,Resolved,Automatically generated incident #11,ITDepartment
2023-11-19,Brute Force,High,In Progress,Automatically generated incident #12,ITDepartment
2023-09-24,Ransomware,Low,Resolved,Automatically generated incident #13,SOC Analyst
2024-07-09,Ransomware,Critical,Resolved,Automatically generated incident #14,Admin
2024-04-04,SQL Injection,High,Open,Automatically generated incident #15,ITDepartment
2024-08-17,Phishing,Low,Open,Automatically generated incident #16,ITDepartment
2023-03-26,Brute Force,High,In Progress,Automatically generated incident #17,SecurityTeam
2024-10-21,Unauthorized Access,Critical,Resolved,Automatically generated incident #18,Admin
2023-08-16,SQL Injection,Medium,Resolved,Automatically generated incident #19,Alice
2024-11-01,SQL Injection,Critical,Resolved,Automatically generated incident #20,Bob
2024-11-17,Ransomware,Medium,Open,Automatically generated incident #21,ITDepartment
2023-08-22,Ransomware,Critical,Resolved,Automatically generated incident #22,SecurityTeam
2024-10-11,SQL Injection,Medium,In Progress,Automatically generated incident #23,Bob
2024-11-23,Unauthorized Access,Critical,In Progress,Automatically generated incident #24,SecurityTeam
2024-04-01,Brute Force,Medium,Open,Automatically generated incident #25,ITDepartment
2023-05-11,Unauthorized Access,High,Resolved,Automatically generated incident #26,SecurityTeam
2023-05-25,Malware,Critical,Resolved,Automatically generated incident #27,SecurityTeam
2023-08-09,SQL Injection,Low,In Progress,Automatically generated incident #28,Alice
2024-02-08,Brute Force,Low,Resolved,Automatically generated incident #29,SecurityTeam
2024-07-24,Ransomware,High,Resolved,Automatically generated incident #30,SecurityTeam
2024-04-05,Ransomware,High,In Progress,Automatically generated incident #31,Admin
2023-06-08,Unauthorized Access,High,Open,Automatically generated incident #32,Bob
2024-04-15,SQL Injection,Medium,Resolved,Automatically generated incident #33,Bob
2024-10-21,Malware,High,Resolved,Automatically generated incident #34,Bob
2023-07-31,Brute Force,Critical,In Progress,Automatically generated incident #35,Bob
2024-11-07,Unauthorized Access,High,Resolved,Automatically generated incident #36,Admin
2023-04-04,DDoS,High,Open,Automatically generated incident #37,Admin
2023-04-13,DDoS,Low,Open,Automatically generated incident #38,SOC Analyst
2023-05-03,DDoS,Medium,Open,Automatically generated incident #39,SOC Analyst
2024-12-01,Unauthorized Access,High,Resolved,Automatically generated incident #40,Bob
2024-06-25,Unauthorized Access,Critical,Open,Automatically generated incident #41,Alice
2024-10-30,Phishing,Medium,Open,Automatically generated incident #42,SOC Analyst
2024-11-17,Brute Force,High,In Progress,Automatically generated incident #43,SecurityTeam
2023-09-16,SQL Injection,Low,In Progress,Automatically generated incident #44,SecurityTeam
2023-04-15,Brute Force,Medium,In Progress,Automatically generated incident #45,Admin
2023-09-14,Ransomware,Low,Resolved,Automatically generated incident #46,Bob
2024-03-03,Malware,Critical,In Progress,Automatically generated incident #47,ITDepartment
2024-03-19,Ransomware,Medium,Open,Automatically generated incident #48,SecurityTeam
2023-12-17,Malware,Medium,Resolved,Automatically generated incident #49,Admin
2024-08-23,Phishing,Low,Open,Automatically generated incident #50,Alice
2023-03-04,Brute Force,High,Resolved,Automatically generated incident #51,Admin
2023-06-21,Brute Force,Medium,Resolved,Automatically generated incident #52,SOC Analyst
2024-08-09,SQL Injection,High,In Progress,Automatically generated incident #53,SecurityTeam
2024-08-17,SQL Injection,Medium,In Progress,Automatically generated incident #54,ITDepartment
2023-01-05,Phishing,Medium,Resolved,Automatically generated incident #55,ITDepartment
2024-05-02,Phishing,Low,Open,Automatically generated incident #56,Bob
2023-06-14,SQL Injection,Medium,Resolved,Automatically generated incident #57,Admin
2023-02-28,DDoS,High,Open,Automatically generated incident #58,Admin
2023-06-08,Malware,Low,Open,Automatically generated incident #59,ITDepartment
2024-01-31,Brute Force,Critical,Open,Automatically generated incident #60,Bob
2023-11-08,Malware,Medium,Open,Automatically generated incident #61,SOC Analyst
2023-05-27,Phishing,Critical,Open,Automatically generated incident #62,Admin
2023-05-25,DDoS,Low,Open,Automatically generated incident #63,SecurityTeam
2024-01-04,Ransomware,Critical,In Progress,Automatically generated incident #64,Alice
2023-07-31,Ransomware,Medium,Resolved,Automatically generated incident #65,ITDepartment
2023-06-19,SQL Injection,Medium,In Progress,Automatically generated incident #66,Bob
2023-05-02,Ransomware,Medium,Open,Automatically generated incident #67,Admin
2023-12-11,SQL Injection,Low,In Progress,Automatically generated incident #68,Alice
2023-01-08,Ransomware,Medium,In Progress,Automatically generated incident #69,ITDepartment
2024-11-16,Unauthorized Access,High,Resolved,Automatically generated incident #70,ITDepartment
2024-05-19,DDoS,Medium,Resolved,Automatically generated incident #71,SOC Analyst
2024-05-03,Brute Force,Critical,In Progress,Automatically generated incident #72,Admin
2023-06-29,Brute Force,Low,Resolved,Automatically generated incident #73,SecurityTeam
2024-06-22,Malware,Low,Open,Automatically generated incident #74,Alice
2023-09-09,Ransomware,High,Resolved,Automatically generated incident #75,Bob
2023-10-24,Malware,High,Resolved,Automatically generated incident #76,ITDepartment
2024-03-30,Ransomware,High,Resolved,Automatically generated incident #77,Alice
2024-05-19,Ransomware,Medium,In Progress,Automatically generated incident #78,SOC Analyst
2023-04-13,Brute Force,Low,In Progress,Automatically generated incident #79,Alice
2023-06-23,Ransomware,Medium,In Progress,Automatically generated incident #80,ITDepartment
2024-04-06,Ransomware,High,In Progress,Automatically generated incident #81,SOC Analyst
2024-01-17,DDoS,Low,Resolved,Automatically generated incident #82,Admin
2024-11-29,Phishing,Critical,Open,Automatically generated incident #83,Alice
2024-02-26,Brute Force,Low,In Progress,Automatically generated incident #84,ITDepartment
2023-05-10,Ransomware,High,In Progress,Automatically generated incident #85,SecurityTeam
2024-10-22,Brute Force,Low,In Progress,Automatically generated incident #86,Alice
2023-07-18,Phishing,Medium,In Progress,Automatically generated incident #87,Admin
2023-08-09,SQL Injection,High,Open,Automatically generated incident #88,Alice
2024-03-19,Brute Force,Critical,In Progress,Automatically generated incident #89,Admin
2024-02-07,Unauthorized Access,Low,In Progress,Automatically generated incident #90,Alice
2024-08-20,Brute Force,High,Open,Automatically generated incident #91,ITDepartment
2023-01-15,Unauthorized Access,Critical,In Progress,Automatically generated incident #92,Bob
2024-04-13,DDoS,Medium,Open,Automatically generated incident #93,SecurityTeam
2024-01-15,DDoS,Medium,Open,Automatically generated incident #94,ITDepartment
2024-01-29,Brute Force,Critical,Resolved,Automatically generated incident #95,SecurityTeam
2023-09-15,DDoS,Critical,Resolved,Automatically generated incident #96,Alice
2024-01-10,Ransomware,High,Open,Automatically generated incident #97,SOC Analyst
2023-01-01,Brute Force,Medium,Open,Automatically generated incident #98,ITDepartment
2024-11-13,Phishing,Low,Resolved,Automatically generated incident #99,SecurityTeam
2023-07-24,Phishing,High,Resolved,Automatically generated incident #100,SOC Analyst
2023-04-29,Ransomware,Critical,In Progress,Automatically generated incident #101,Admin
2023-09-29,Malware,Low,Open,Automatically generated incident #102,SOC Analyst
2024-10-13,SQL Injection,High,Open,Automatically generated incident #103,SecurityTeam
2023-12-28,SQL Injection,Medium,Open,Automatically generated incident #104,SOC Analyst
2024-07-25,Malware,Low,Open,Automatically generated incident #105,Alice
2024-01-08,Brute Force,Low,Open,Automatically generated incident #106,Alice
2024-03-09,Ransomware,Low,Open,Automatically generated incident #107,Admin
2023-06-22,DDoS,Low,In Progress,Automatically generated incident #108,Bob
2023-05-15,SQL Injection,Critical,Open,Automatically generated incident #109,ITDepartment
2024-05-19,Malware,Low,Open,Automatically generated incident #110,Bob
2023-05-26,Ransomware,Critical,In Progress,Automatically generated incident #111,Admin
2024-10-23,Malware,Medium,Open,Automatically generated incident #112,SOC Analyst
2023-07-11,Brute Force,Medium,Resolved,Automatically generated incident #113,ITDepartment
2024-01-16,Unauthorized Access,Low,Resolved,Automatically generated incident #114,Admin
2024-01-12,SQL Injection,High,Resolved,Automatically generated incident #115,ITDepartment
2024-11-26,SQL Injection,Critical,Resolved,Automatically generated incident #116,Alice
2023-12-08,Malware,Medium,Open,Automatically generated incident #117,Alice
2023-10-14,Malware,Medium,Resolved,Automatically generated incident #118,Bob
2024-05-19,Brute Force,High,In Progress,Automatically generated incident #119,SOC Analyst
2024-05-27,SQL Injection,Low,In Progress,Automatically generated incident #120,Bob
2024-11-12,Unauthorized Access,Low,Open,Automatically generated incident #121,SOC Analyst
2024-02-17,Brute Force,Low,In Progress,Automatically generated incident #122,ITDepartment
2023-02-08,Malware,Medium,Resolved,Automatically generated incident #123,Admin
2023-03-20,DDoS,High,In Progress,Automatically generated incident #124,Alice
2023-05-29,Unauthorized Access,High,In Progress,Automatically generated incident #125,SecurityTeam
2023-05-07,Malware,High,Resolved,Automatically generated incident #126,SOC Analyst
2024-09-27,Unauthorized Access,Medium,Resolved,Automatically generated incident #127,SOC Analyst
2023-02-22,SQL Injection,High,Open,Automatically generated incident #128,SOC Analyst
2023-01-19,Phishing,Low,Resolved,Automatically generated incident #129,SecurityTeam
2024-08-22,SQL Injection,Critical,In Progress,Automatically generated incident #130,Bob
2023-09-02,Phishing,Low,Open,Automatically generated incident #131,SecurityTeam
2024-06-17,Brute Force,Medium,In Progress,Automatically generated incident #132,ITDepartment
2024-08-10,Unauthorized Access,Low,Resolved,Automatically generated incident #133,Bob
2024-04-14,SQL Injection,High,In Progress,Automatically generated incident #134,Admin
2023-07-13,Brute Force,Critical,In Progress,Automatically generated incident #135,Alice
2023-02-11,SQL Injection,Low,In Progress,Automatically generated incident #136,ITDepartment
2023-12-10,Brute Force,High,In Progress,Automatically generated incident #137,Admin
2024-03-01,Brute Force,High,Open,Automatically generated incident #138,SOC Analyst
2024-01-08,Malware,High,In Progress,Automatically generated incident #139,ITDepartment
2024-08-27,Phishing,High,Resolved,Automatically generated incident #140,SOC Analyst
2024-08-25,Malware,Low,Resolved,Automatically generated incident #141,SOC Analyst
2023-11-24,Unauthorized Access,Critical,Open,Automatically generated incident #142,Admin
2024-04-23,Brute Force,Low,In Progress,Automatically generated incident #143,Bob
2023-08-18,Ransomware,High,In Progress,Automatically generated incident #144,Admin
2024-04-20,DDoS,Low,In Progress,Automatically generated incident #145,ITDepartment
2024-04-09,Ransomware,Medium,In Progress,Automatically generated incident #146,Admin
2023-02-17,Brute Force,Medium,In Progress,Automatically generated incident #147,SOC Analyst
2023-12-07,Phishing,Low,Open,Automatically generated incident #148,SecurityTeam
2024-04-07,Unauthorized Access,Medium,Open,Automatically generated incident #149,SOC Analyst
2024-07-08,DDoS,High,Resolved,Automatically generated incident #150,SOC Analyst
2024-08-12,Ransomware,Medium,Open,Automatically generated incident #151,SecurityTeam
2024-07-30,Unauthorized Access,Medium,In Progress,Automatically generated incident #152,ITDepartment
2024-06-16,DDoS,Critical,Resolved,Automatically generated incident #153,Admin
2024-09-19,Ransomware,Critical,Open,Automatically generated incident #154,ITDepartment
2024-06-02,Brute Force,High,Open,Automatically generated incident #155,Alice
2024-06-07,Ransomware,Low,Open,Automatically generated incident #156,ITDepartment
2023-12-09,Brute Force,Critical,Resolved,Automatically generated incident #157,Admin
2024-07-29,DDoS,Critical,Resolved,Automatically generated incident #158,SOC Analyst
2024-04-07,SQL Injection,High,Open,Automatically generated incident #159,Admin
2023-01-18,Brute Force,High,Resolved,Automatically generated incident #160,ITDepartment
2023-11-28,Unauthorized Access,High,In Progress,Automatically generated incident #161,Alice
2023-06-20,Ransomware,Low,In Progress,Automatically generated incident #162,ITDepartment
2023-02-05,DDoS,High,In Progress,Automatically generated incident #163,SOC Analyst
2023-12-22,DDoS,Critical,In Progress,Automatically generated incident #164,Bob
2023-10-04,Phishing,Medium,In Progress,Automatically generated incident #165,Admin
2023-11-08,Ransomware,Medium,In Progress,Automatically generated incident #166,Alice
2024-02-10,DDoS,Low,Resolved,Automatically generated incident #167,ITDepartment
2023-07-03,Brute Force,Critical,In Progress,Automatically generated incident #168,Admin
2024-09-22,Brute Force,Critical,In Progress,Automatically generated incident #169,Alice
2023-05-31,Brute Force,High,Open,Automatically generated incident #170,Alice
2024-01-04,Phishing,Medium,In Progress,Automatically generated incident #171,SecurityTeam
2024-02-02,Brute Force,Medium,Resolved,Automatically generated incident #172,Bob
2023-06-30,Malware,Critical,In Progress,Automatically generated incident #173,Alice
2023-07-25,Malware,Medium,Open,Automatically generated incident #174,Bob
2023-09-11,Ransomware,Medium,Resolved,Automatically generated incident #175,SecurityTeam
2023-05-21,Phishing,High,Resolved,Automatically generated incident #176,SOC Analyst
2023-05-28,Brute Force,High,Open,Automatically generated incident #177,Alice
2024-02-18,Malware,Medium,Resolved,Automatically generated incident #178,Alice
2023-05-29,Malware,Medium,Open,Automatically generated incident #179,SecurityTeam
2023-02-11,Malware,Critical,In Progress,Automatically generated incident #180,Admin
2023-02-09,Ransomware,Critical,Open,Automatically generated incident #181,SOC Analyst
2024-05-01,DDoS,Low,Open,Automatically generated incident #182,SecurityTeam
2023-09-29,Phishing,Medium,In Progress,Automatically generated incident #183,Admin
2024-07-09,Malware,Medium,Resolved,Automatically generated incident #184,SOC Analyst
2023-01-11,Ransomware,Low,In Progress,Automatically generated incident #185,Alice
2023-01-09,Phishing,Critical,Resolved,Automatically generated incident #186,Admin
2023-02-23,Phishing,Critical,In Progress,Automatically generated incident #187,Alice
2023-02-22,Unauthorized Access,High,Resolved,Automatically generated incident #188,Admin
2024-06-14,Malware,High,Open,Automatically generated incident #189,ITDepartment
2023-12-28,SQL Injection,High,Resolved,Automatically generated incident #190,SecurityTeam
2023-07-05,Phishing,High,Resolved,Automatically generated incident #191,SecurityTeam
2024-09-13,DDoS,High,In Progress,Automatically generated incident #192,ITDepartment
2023-09-12,Malware,Critical,Resolved,Automatically generated incident #193,Bob
2023-04-18,Brute Force,Critical,Open,Automatically generated incident #194,Bob
2023-05-18,DDoS,Critical,Resolved,Automatically generated incident #195,ITDepartment
2024-08-28,Ransomware,Critical,Resolved,Automatically generated incident #196,SOC Analyst
2023-06-01,Ransomware,Medium,Resolved,Automatically generated incident #197,ITDepartment
2024-08-09,Unauthorized Access,High,Resolved,Automatically generated incident #198,ITDepartment
2023-08-26,Brute Force,High,Resolved,Automatically generated incident #199,ITDepartment
2023-01-28,Malware,High,In Progress,Automatically generated incident #200,Alice
2023-03-09,Unauthorized Access,Medium,Resolved,Automatically generated incident #201,Alice
2024-08-04,Phishing,Critical,Resolved,Automatically generated incident #202,SecurityTeam
2023-08-08,Unauthorized Access,Critical,In Progress,Automatically generated incident #203,SecurityTeam
2024-07-20,Malware,High,Open,Automatically generated incident #204,ITDepartment
2024-11-08,DDoS,Critical,Open,Automatically generated incident #205,Bob
2023-06-14,Brute Force,Medium,Open,Automatically generated incident #206,SecurityTeam
2024-09-20,Ransomware,High,In Progress,Automatically generated incident #207,Alice
2023-11-14,Phishing,Low,Resolved,Automatically generated incident #208,SecurityTeam
2024-09-08,Ransomware,Critical,Open,Automatically generated incident #209,ITDepartment
2024-11-20,Phishing,Medium,In Progress,Automatically generated incident #210,Bob
2024-07-05,Malware,Medium,Resolved,Automatically generated incident #211,SecurityTeam
2023-03-04,SQL Injection,Medium,In Progress,Automatically generated incident #212,SecurityTeam
2024-01-27,Malware,High,In Progress,Automatically generated incident #213,ITDepartment
2023-06-26,Phishing,High,In Progress,Automatically generated incident #214,SecurityTeam
2024-08-25,Malware,Critical,In Progress,Automatically generated incident #215,Bob
2024-06-07,Unauthorized Access,Medium,In Progress,Automatically generated incident #216,Bob
2023-01-11,SQL Injection,Medium,Resolved,Automatically generated incident #217,ITDepartment
2024-10-15,Ransomware,Medium,Resolved,Automatically generated incident #218,SOC Analyst
2023-02-08,DDoS,Low,In Progress,Automatically generated incident #219,Alice
2023-06-25,Malware,High,Open,Automatically generated incident #220,SOC Analyst
2024-04-06,Phishing,High,In Progress,Automatically generated incident #221,SecurityTeam
2024-06-07,SQL Injection,Medium,In Progress,Automatically generated incident #222,ITDepartment
2023-09-19,Brute Force,Critical,Open,Automatically generated incident #223,Admin
2023-12-13,DDoS,Low,Resolved,Automatically generated incident #224,ITDepartment
2024-04-22,SQL Injection,High,Resolved,Automatically generated incident #225,ITDepartment
2023-03-30,Malware,Critical,Open,Automatically generated incident #226,ITDepartment
2024-02-20,Brute Force,Low,In Progress,Automatically generated incident #227,SecurityTeam
2023-07-22,Brute Force,Critical,Open,Automatically generated incident #228,Bob
2023-12-31,Brute Force,Medium,Open,Automatically generated incident #229,SecurityTeam
2024-11-03,Ransomware,Critical,Resolved,Automatically generated incident #230,Bob
2023-03-31,Ransomware,Low,Resolved,Automatically generated incident #231,SecurityTeam
2023-07-29,Ransomware,Medium,In Progress,Automatically generated incident #232,Bob
2023-12-06,Ransomware,Critical,Resolved,Automatically generated incident #233,SecurityTeam
2023-07-22,Unauthorized Access,Critical,In Progress,Automatically generated incident #234,Admin
2023-02-07,Malware,High,In Progress,Automatically generated incident #235,Alice
2023-06-06,Brute Force,Medium,Open,Automatically generated incident #236,SecurityTeam
2024-06-27,DDoS,Medium,In Progress,Automatically generated incident #237,SecurityTeam
2023-05-04,Malware,Low,Open,Automatically generated incident #238,ITDepartment
2024-08-12,Ransomware,Critical,Resolved,Automatically generated incident #239,SecurityTeam
2024-01-25,Ransomware,High,Resolved,Automatically generated incident #240,ITDepartment
2024-09-09,Phishing,Critical,Resolved,Automatically generated incident #241,ITDepartment
2024-03-06,Ransomware,Medium,Open,Automatically generated incident #242,Bob
2023-12-10,Ransomware,Low,Resolved,Automatically generated incident #243,SecurityTeam
2023-06-15,DDoS,Critical,In Progress,Automatically generated incident #244,SOC Analyst
2023-06-15,Brute Force,Medium,Resolved,Automatically generated incident #245,Alice
2023-07-03,Brute Force,High,In Progress,Automatically generated incident #246,SOC Analyst
2023-10-06,Malware,Low,Open,Automatically generated incident #247,Alice
2024-05-30,SQL Injection,Critical,In Progress,Automatically generated incident #248,SecurityTeam
2023-07-17,Malware,Medium,Resolved,Automatically generated incident #249,SOC Analyst
2023-03-23,SQL Injection,High,Open,Automatically generated incident #250,ITDepartment
2023-11-13,SQL Injection,Low,In Progress,Automatically generated incident #251,ITDepartment
2023-12-06,Ransomware,Critical,Resolved,Automatically generated incident #252,Alice
2023-10-17,Ransomware,Low,Open,Automatically generated incident #253,SOC Analyst
2024-07-22,Brute Force,High,Resolved,Automatically generated incident #254,SecurityTeam
2024-05-16,DDoS,Medium,Open,Automatically generated incident #255,SecurityTeam
2023-07-04,Phishing,Critical,In Progress,Automatically generated incident #256,SOC Analyst
2023-03-26,SQL Injection,Low,Resolved,Automatically generated incident #257,ITDepartment
2024-10-18,Brute Force,Low,In Progress,Automatically generated incident #258,Alice
2023-08-09,DDoS,High,Open,Automatically generated incident #259,Bob
2024-04-03,Phishing,Low,In Progress,Automatically generated incident #260,Alice
2023-12-16,SQL Injection,Critical,In Progress,Automatically generated incident #261,Admin
2023-01-21,Malware,Medium,Open,Automatically generated incident #262,Alice
2023-02-10,Ransomware,High,Resolved,Automatically generated incident #263,ITDepartment
2024-04-15,DDoS,Low,Open,Automatically generated incident #264,SecurityTeam
2023-06-11,Phishing,High,In Progress,Automatically generated incident #265,SecurityTeam
2023-12-17,Ransomware,High,Open,Automatically generated incident #266,Alice
2023-02-05,Phishing,Medium,Open,Automatically generated incident #267,Alice
2023-08-04,SQL Injection,Medium,Resolved,Automatically generated incident #268,Alice
2023-07-09,SQL Injection,High,Resolved,Automatically generated incident #269,SOC Analyst
2023-07-17,Brute Force,Critical,Open,Automatically generated incident #270,SOC Analyst
2024-02-16,Malware,Medium,In Progress,Automatically generated incident #271,SOC Analyst
2024-07-30,Brute Force,Low,In Progress,Automatically generated incident #272,SecurityTeam
2023-07-18,Brute Force,Critical,Open,Automatically generated incident #273,SecurityTeam
2023-07-24,Unauthorized Access,Medium,Open,Automatically generated incident #274,Admin
2023-01-14,Phishing,Medium,Open,Automatically generated incident #275,Admin
2023-01-28,DDoS,High,In Progress,Automatically generated incident #276,SOC Analyst
2024-04-10,SQL Injection,Medium,Resolved,Automatically generated incident #277,Alice
2024-05-09,SQL Injection,Medium,Open,Automatically generated incident #278,SOC Analyst
2024-03-15,SQL Injection,Low,Open,Automatically generated incident #279,Alice
2024-11-03,DDoS,High,Open,Automatically generated incident #280,SecurityTeam
2024-01-31,Ransomware,High,In Progress,Automatically generated incident #281,SOC Analyst
2023-10-16,DDoS,Medium,Open,Automatically generated incident #282,SOC Analyst
2023-12-26,Phishing,Low,Resolved,Automatically generated incident #283,SOC Analyst
2024-07-31,Unauthorized Access,Medium,Open,Automatically generated incident #284,Admin
2023-10-08,DDoS,Critical,Resolved,Automatically generated incident #285,Alice
2023-06-08,Brute Force,Low,In Progress,Automatically generated incident #286,SecurityTeam
2024-04-30,Phishing,Low,Open,Automatically generated incident #287,Admin
2024-04-02,Brute Force,Low,In Progress,Automatically generated incident #288,Bob
2024-08-25,Phishing,Medium,Open,Automatically generated incident #289,Bob
2023-02-12,Malware,Medium,In Progress,Automatically generated incident #290,ITDepartment
2023-10-02,Malware,Low,In Progress,Automatically generated incident #291,Alice
2023-10-24,Brute Force,High,In Progress,Automatically generated incident #292,Alice
2023-05-08,Unauthorized Access,Low,In Progress,Automatically generated incident #293,SecurityTeam
2023-05-30,Unauthorized Access,Low,In Progress,Automatically generated incident #294,Alice
2024-03-09,Unauthorized Access,High,Resolved,Automatically generated incident #295,ITDepartment
2023-01-17,Brute Force,Medium,Resolved,Automatically generated incident #296,Admin
2024-02-19,Unauthorized Access,Medium,Resolved,Automatically generated incident #297,SOC Analyst
2023-03-22,Phishing,Low,Resolved,Automatically generated incident #298,Admin
2023-10-10,Brute Force,Critical,Open,Automatically generated incident #299,SecurityTeam
2023-09-26,Malware,High,In Progress,Automatically generated incident #300,SecurityTeam
2023-08-10,SQL Injection,Critical,Open,Automatically generated incident #301,ITDepartment
2024-08-04,SQL Injection,Medium,In Progress,Automatically generated incident #302,Admin
2024-05-13,Brute Force,Critical,Open,Automatically generated incident #303,Admin
2023-04-11,Brute Force,Low,In Progress,Automatically generated incident #304,Bob
2023-12-05,Ransomware,High,In Progress,Automatically generated incident #305,ITDepartment
2024-10-08,SQL Injection,Critical,Open,Automatically generated incident #306,SOC Analyst
2024-07-29,Unauthorized Access,Critical,Open,Automatically generated incident #307,SOC Analyst
2023-11-22,Ransomware,Critical,Open,Automatically generated incident #308,SecurityTeam
2023-09-23,Brute Force,Critical,Resolved,Automatically generated incident #309,SOC Analyst
2023-12-02,Unauthorized Access,Critical,Resolved,Automatically generated incident #310,ITDepartment
2024-07-22,Phishing,Low,Open,Automatically generated incident #311,Alice
2024-10-07,Ransomware,Low,Resolved,Automatically generated incident #312,SecurityTeam
2023-02-07,Unauthorized Access,Critical,Resolved,Automatically generated incident #313,Bob
2023-06-10,Unauthorized Access,Medium,Open,Automatically generated incident #314,Alice
2024-01-04,Ransomware,High,Resolved,Automatically generated incident #315,Admin
2024-01-18,Ransomware,Low,In Progress,Automatically generated incident #316,SecurityTeam
2023-01-12,DDoS,Medium,Resolved,Automatically generated incident #317,SecurityTeam
2024-09-12,Unauthorized Access,Medium,Open,Automatically generated incident #318,Alice
2023-04-10,SQL Injection,Low,In Progress,Automatically generated incident #319,ITDepartment
2023-06-02,Unauthorized Access,Critical,In Progress,Automatically generated incident #320,Alice
2023-05-08,Ransomware,Critical,In Progress,Automatically generated incident #321,SOC Analyst
2024-08-24,Phishing,Critical,Resolved,Automatically generated incident #322,Bob
2024-05-22,Brute Force,High,In Progress,Automatically generated incident #323,SecurityTeam
2024-06-27,Phishing,Low,In Progress,Automatically generated incident #324,SOC Analyst
2024-02-06,DDoS,Critical,Resolved,Automatically generated incident #325,Admin
2023-12-21,Unauthorized Access,Low,In Progress,Automatically generated incident #326,SOC Analyst
2024-11-05,Malware,Critical,Open,Automatically generated incident #327,Admin
2023-11-02,DDoS,Critical,In Progress,Automatically generated incident #328,Bob
2024-06-30,Brute Force,Medium,Resolved,Automatically generated incident #329,SOC Analyst
2023-06-16,Ransomware,Medium,Resolved,Automatically generated incident #330,SOC Analyst
2024-10-09,Phishing,High,Resolved,Automatically generated incident #331,Bob
2023-02-08,SQL Injection,High,In Progress,Automatically generated incident #332,Alice
2024-05-04,DDoS,Medium,Open,Automatically generated incident #333,SOC Analyst
2024-02-19,Malware,High,In Progress,Automatically generated incident #334,SecurityTeam
2023-02-07,SQL Injection,Medium,Open,Automatically generated incident #335,Admin
2023-05-03,Unauthorized Access,High,In Progress,Automatically generated incident #336,SecurityTeam
2023-10-26,Unauthorized Access,Low,Resolved,Automatically generated incident #337,Bob
2024-11-09,Malware,Medium,Resolved,Automatically generated incident #338,SOC Analyst
2023-04-23,Ransomware,High,Resolved,Automatically generated incident #339,SOC Analyst
2023-03-01,Malware,Low,Open,Automatically generated incident #340,ITDepartment
2024-05-10,Unauthorized Access,Medium,In Progress,Automatically generated incident #341,Alice
2023-04-26,DDoS,High,Open,Automatically generated incident #342,Admin
2023-06-12,Ransomware,Critical,In Progress,Automatically generated incident #343,Bob
2023-01-22,Malware,Low,In Progress,Automatically generated incident #344,Alice
2023-10-21,Ransomware,Medium,Open,Automatically generated incident #345,Bob
2024-07-24,Phishing,Medium,Resolved,Automatically generated incident #346,ITDepartment
2023-07-12,SQL Injection,High,In Progress,Automatically generated incident #347,SOC Analyst
2023-11-29,DDoS,High,Resolved,Automatically generated incident #348,SOC Analyst
2023-02-14,Brute Force,Critical,Resolved,Automatically generated incident #349,Alice
2023-09-11,Malware,Critical,In Progress,Automatically generated incident #350,Bob
2023-05-07,Ransomware,High,Resolved,Automatically generated incident #351,Bob
2024-04-23,Unauthorized Access,Low,In Progress,Automatically generated incident #352,SOC Analyst
2024-11-04,Malware,High,In Progress,Automatically generated incident #353,Bob
2023-03-08,DDoS,Medium,In Progress,Automatically generated incident #354,ITDepartment
2024-08-27,Malware,High,Open,Automatically generated incident #355,SOC Analyst
2023-07-18,Unauthorized Access,Critical,In Progress,Automatically generated incident #356,Bob
2024-03-17,Malware,Medium,Open,Automatically generated incident #357,Admin
2023-07-16,DDoS,Medium,Open,Automatically generated incident #358,SecurityTeam
2024-11-03,Phishing,Low,In Progress,Automatically generated incident #359,SecurityTeam
2024-01-27,Phishing,Critical,Open,Automatically generated incident #360,Admin
2023-01-04,Phishing,Medium,Resolved,Automatically generated incident #361,ITDepartment
2023-01-20,Unauthorized Access,Critical,In Progress,Automatically generated incident #362,Alice
2023-10-13,Unauthorized Access,Critical,Open,Automatically generated incident #363,Alice
2024-05-26,DDoS,High,Open,Automatically generated incident #364,Bob
2023-11-20,SQL Injection,Medium,Resolved,Automatically generated incident #365,Bob
2024-07-10,Unauthorized Access,High,Open,Automatically generated incident #366,Admin
2024-11-26,Unauthorized Access,High,Open,Automatically generated incident #367,SecurityTeam
2023-09-29,SQL Injection,High,In Progress,Automatically generated incident #368,SOC Analyst
2023-05-31,DDoS,Medium,In Progress,Automatically generated incident #369,Admin
2023-11-17,Ransomware,Critical,Open,Automatically generated incident #370,ITDepartment
2023-05-24,Phishing,Medium,Resolved,Automatically generated incident #371,SOC Analyst
2023-05-03,Malware,Critical,Resolved,Automatically generated incident #372,Alice
2024-11-28,Brute Force,Low,Resolved,Automatically generated incident #373,SecurityTeam
2024-05-04,Ransomware,Low,Resolved,Automatically generated incident #374,Alice
2023-12-21,DDoS,Medium,In Progress,Automatically generated incident #375,Bob
2023-02-23,SQL Injection,Medium,Resolved,Automatically generated incident #376,Admin
2023-11-23,DDoS,Low,Resolved,Automatically generated incident #377,Admin
2023-05-10,Malware,Low,In Progress,Automatically generated incident #378,SecurityTeam
2023-03-21,DDoS,High,In Progress,Automatically generated incident #379,Admin
2024-05-10,Malware,High,Open,Automatically generated incident #380,ITDepartment
2023-10-24,Phishing,Critical,Resolved,Automatically generated incident #381,SecurityTeam
2023-05-16,SQL Injection,Critical,Resolved,Automatically generated incident #382,ITDepartment
2024-03-27,Brute Force,Low,Resolved,Automatically generated incident #383,Bob
2024-08-26,Unauthorized Access,High,In Progress,Automatically generated incident #384,Alice
2023-04-16,Unauthorized Access,High,In Progress,Automatically generated incident #385,ITDepartment
2023-03-29,SQL Injection,High,In Progress,Automatically generated incident #386,Alice
2023-06-03,SQL Injection,Critical,Open,Automatically generated incident #387,Admin
2024-10-29,DDoS,High,Resolved,Automatically generated incident #388,SecurityTeam
2023-06-21,Malware,High,In Progress,Automatically generated incident #389,Admin
2024-03-08,DDoS,High,Open,Automatically generated incident #390,Bob
2023-07-24,Phishing,Critical,Open,Automatically generated incident #391,SecurityTeam
2023-10-19,Ransomware,High,Open,Automatically generated incident #392,SecurityTeam
2023-05-22,SQL Injection,Critical,Resolved,Automatically generated incident #393,SOC Analyst
2024-06-30,Unauthorized Access,Medium,Resolved,Automatically generated incident #394,Bob
2024-01-16,DDoS,High,Open,Automatically generated incident #395,Bob
2023-07-26,SQL Injection,Critical,Open,Automatically generated incident #396,ITDepartment
2024-05-06,Unauthorized Access,Critical,Resolved,Automatically generated incident #397,SOC Analyst
2024-10-18,Malware,Low,Open,Automatically generated incident #398,Alice
2024-03-06,Malware,Medium,Resolved,Automatically generated incident #399,SecurityTeam
2024-01-27,Ransomware,Medium,Open,Automatically generated incident #400,SOC Analyst
2024-10-24,SQL Injection,Medium,Open,Automatically generated incident #401,Alice
2024-10-24,Unauthorized Access,Low,Open,Automatically generated incident #402,Alice
2024-07-02,Unauthorized Access,Low,Open,Automatically generated incident #403,SOC Analyst
2024-03-02,Ransomware,Low,Open,Automatically generated incident #404,SecurityTeam
2024-04-09,Unauthorized Access,Critical,Open,Automatically generated incident #405,SOC Analyst
2024-02-03,Brute Force,Low,Open,Automatically generated incident #406,SecurityTeam
2024-04-07,Unauthorized Access,Low,Resolved,Automatically generated incident #407,SecurityTeam
2024-01-18,DDoS,Low,In Progress,Automatically generated incident #408,SOC Analyst
2023-04-22,DDoS,Critical,In Progress,Automatically generated incident #409,ITDepartment
2023-07-03,Malware,Medium,Open,Automatically generated incident #410,Alice
2024-09-22,Malware,Medium,Open,Automatically generated incident #411,SOC Analyst
2023-01-29,Phishing,Critical,In Progress,Automatically generated incident #412,Alice
2024-09-14,Phishing,Critical,In Progress,Automatically generated incident #413,SOC Analyst
2023-03-07,Unauthorized Access,High,Open,Automatically generated incident #414,Admin
2024-04-21,Malware,Low,Resolved,Automatically generated incident #415,ITDepartment
2023-10-20,Ransomware,Low,Resolved,Automatically generated incident #416,SOC Analyst
2023-09-28,Brute Force,High,In Progress,Automatically generated incident #417,Admin
2023-03-27,Malware,Medium,Open,Automatically generated incident #418,Bob
2024-11-15,Ransomware,Critical,In Progress,Automatically generated incident #419,Bob
2023-04-11,Phishing,Medium,Resolved,Automatically generated incident #420,Admin
2024-10-20,Malware,High,In Progress,Automatically generated incident #421,SecurityTeam
2024-09-02,Unauthorized Access,Low,In Progress,Automatically generated incident #422,Bob
2024-07-17,Phishing,Medium,In Progress,Automatically generated incident #423,SecurityTeam
2023-10-08,SQL Injection,Critical,In Progress,Automatically generated incident #424,SecurityTeam
2024-07-11,Ransomware,High,In Progress,Automatically generated incident #425,Admin
2023-12-06,Malware,High,Open,Automatically generated incident #426,ITDepartment
2023-05-19,Ransomware,Low,Resolved,Automatically generated incident #427,SecurityTeam
2024-04-15,Ransomware,High,Open,Automatically generated incident #428,Alice
2023-07-13,DDoS,Medium,Open,Automatically generated incident #429,SecurityTeam
2023-04-03,SQL Injection,Critical,In Progress,Automatically generated incident #430,ITDepartment
2023-12-06,Malware,Low,Resolved,Automatically generated incident #431,Bob
2024-11-25,Ransomware,Medium,In Progress,Automatically generated incident #432,Alice
2023-12-27,SQL Injection,Low,Open,Automatically generated incident #433,ITDepartment
2023-11-13,DDoS,High,Open,Automatically generated incident #434,Bob
2023-03-12,Unauthorized Access,Critical,Open,Automatically generated incident #435,SecurityTeam
2023-08-31,SQL Injection,High,In Progress,Automatically generated incident #436,Alice
2024-07-28,Ransomware,High,In Progress,Automatically generated incident #437,SecurityTeam
2024-08-19,Malware,High,Resolved,Automatically generated incident #438,SecurityTeam
2024-09-23,Unauthorized Access,High,Resolved,Automatically generated incident #439,ITDepartment
2023-12-01,Ransomware,High,Resolved,Automatically generated incident #440,SOC Analyst
2023-03-30,Malware,Low,In Progress,Automatically generated incident #441,SecurityTeam
2023-09-22,Malware,Critical,Open,Automatically generated incident #442,SecurityTeam
2023-06-27,DDoS,Medium,Resolved,Automatically generated incident #443,SOC Analyst
2024-10-08,Ransomware,Critical,Resolved,Automatically generated incident #444,Admin
2023-04-05,Brute Force,Medium,Open,Automatically generated incident #445,Alice
2023-09-01,Phishing,High,In Progress,Automatically generated incident #446,SecurityTeam
2024-07-10,SQL Injection,Critical,In Progress,Automatically generated incident #447,ITDepartment
2024-03-09,SQL Injection,Medium,Resolved,Automatically generated incident #448,SecurityTeam
2024-03-01,Unauthorized Access,Critical,Open,Automatically generated incident #449,SOC Analyst
2023-09-03,Ransomware,High,In Progress,Automatically generated incident #450,SOC Analyst
2023-12-12,SQL Injection,Medium,Open,Automatically generated incident #451,SecurityTeam
2024-08-30,Ransomware,Low,Open,Automatically generated incident #452,Admin
2024-02-28,SQL Injection,Medium,Open,Automatically generated incident #453,Bob
2024-05-11,Malware,Medium,Resolved,Automatically generated incident #454,SOC Analyst
2024-02-04,Brute Force,Low,Open,Automatically generated incident #455,SOC Analyst
2024-07-18,Malware,Low,Resolved,Automatically generated incident #456,SOC Analyst
2023-11-28,Malware,Low,In Progress,Automatically generated incident #457,SOC Analyst
2023-11-25,Phishing,Medium,Open,Automatically generated incident #458,Bob
2023-05-31,Unauthorized Access,Medium,Resolved,Automatically generated incident #459,SecurityTeam
2024-08-27,Malware,Critical,In Progress,Automatically generated incident #460,Bob
2023-11-29,SQL Injection,Medium,In Progress,Automatically generated incident #461,Alice
2024-01-01,DDoS,Low,Resolved,Automatically generated incident #462,Admin
2023-03-12,Malware,Medium,Resolved,Automatically generated incident #463,Admin
2023-05-03,Malware,Medium,Resolved,Automatically generated incident #464,Bob
2024-10-14,Brute Force,Medium,In Progress,Automatically generated incident #465,ITDepartment
2024-03-22,Malware,High,Open,Automatically generated incident #466,SecurityTeam
2024-04-09,SQL Injection,Low,Open,Automatically generated incident #467,SecurityTeam
2024-05-02,Malware,Low,Open,Automatically generated incident #468,Admin
2024-08-31,SQL Injection,High,In Progress,Automatically generated incident #469,Admin
2023-03-24,SQL Injection,High,In Progress,Automatically generated incident #470,SecurityTeam
2023-09-22,Phishing,Medium,Resolved,Automatically generated incident #471,ITDepartment
2024-04-05,DDoS,Low,Open,Automatically generated incident #472,ITDepartment
2023-05-03,Ransomware,Low,Open,Automatically generated incident #473,SOC Analyst
2024-04-02,Brute Force,High,In Progress,Automatically generated incident #474,SOC Analyst
2023-05-04,Phishing,Medium,Resolved,Automatically generated incident #475,SOC Analyst
2024-08-23,DDoS,Low,In Progress,Automatically generated incident #476,SOC Analyst
2023-05-08,Unauthorized Access,Low,Open,Automatically generated incident #477,ITDepartment
2023-08-31,SQL Injection,High,Open,Automatically generated incident #478,ITDepartment
2023-04-05,Phishing,Medium,In Progress,Automatically generated incident #479,Alice
2023-12-04,Brute Force,Medium,Resolved,Automatically generated incident #480,SOC Analyst
2024-06-01,DDoS,High,In Progress,Automatically generated incident #481,Alice
2023-02-13,Phishing,High,In Progress,Automatically generated incident #482,Alice
2023-12-05,Unauthorized Access,Medium,Open,Automatically generated incident #483,Admin
2023-07-16,Brute Force,Medium,Open,Automatically generated incident #484,SecurityTeam
2023-04-27,Phishing,Low,Resolved,Automatically generated incident #485,Bob
2024-02-10,SQL Injection,High,Open,Automatically generated incident #486,ITDepartment
2023-02-27,Unauthorized Access,Medium,Resolved,Automatically generated incident #487,Bob
2023-02-18,Malware,Critical,Open,Automatically generated incident #488,Admin
2023-03-25,Malware,Medium,In Progress,Automatically generated incident #489,Admin
2023-04-30,Phishing,High,Open,Automatically generated incident #490,Admin
2024-08-14,Unauthorized Access,Critical,Open,Automatically generated incident #491,Bob
2024-05-02,Ransomware,High,Resolved,Automatically generated incident #492,ITDepartment
2023-01-12,Ransomware,Low,Open,Automatically generated incident #493,SOC Analyst
2024-04-02,Unauthorized Access,Medium,Open,Automatically generated incident #494,Alice
2023-01-31,DDoS,Low,Open,Automatically generated incident #495,Bob
2023-05-30,Malware,High,In Progress,Automatically generated incident #496,Admin
2024-09-16,Malware,Low,In Progress,Automatically generated incident #497,ITDepartment
2023-04-20,DDoS,High,Open,Automatically generated incident #498,Bob
2024-03-31,Brute Force,Low,In Progress,Automatically generated incident #499,SecurityTeam
2023-04-17,Malware,Medium,In Progress,Automatically generated incident #500,Admin
2024-03-02,SQL Injection,Medium,Resolved,Automatically generated incident #501,Alice
2023-10-13,Unauthorized Access,Medium,Resolved,Automatically generated incident #502,ITDepartment
2023-02-28,Brute Force,Low,Open,Automatically generated incident #503,SecurityTeam
2024-11-27,SQL Injection,Critical,Resolved,Automatically generated incident #504,SOC Analyst
2024-12-01,Phishing,Critical,Resolved,Automatically generated incident #505,SecurityTeam
2023-08-21,DDoS,High,Resolved,Automatically generated incident #506,Bob
2024-06-10,DDoS,Critical,Resolved,Automatically generated incident #507,SecurityTeam
2024-06-25,Malware,High,In Progress,Automatically generated incident #508,Admin
2023-02-04,SQL Injection,Critical,Open,Automatically generated incident #509,SOC Analyst
2024-04-08,SQL Injection,Medium,In Progress,Automatically generated incident #510,Admin
2023-04-07,Malware,High,Resolved,Automatically generated incident #511,ITDepartment
2024-05-13,Unauthorized Access,Medium,Open,Automatically generated incident #512,SOC Analyst
2023-06-29,Malware,Low,Open,Automatically generated incident #513,Admin
2024-06-02,Brute Force,Medium,Open,Automatically generated incident #514,Admin
2023-10-17,Ransomware,Critical,In Progress,Automatically generated incident #515,SOC Analyst
2024-11-23,Phishing,Critical,Open,Automatically generated incident #516,SOC Analyst
2023-05-19,Phishing,Medium,Resolved,Automatically generated incident #517,Bob
2024-02-15,Brute Force,Medium,In Progress,Automatically generated incident #518,SOC Analyst
2024-11-13,Ransomware,Low,Resolved,Automatically generated incident #519,Bob
2024-10-03,Ransomware,High,In Progress,Automatically generated incident #520,Bob
2023-11-28,SQL Injection,Low,In Progress,Automatically generated incident #521,Bob
2023-08-08,Malware,Low,Resolved,Automatically generated incident #522,Alice
2024-05-27,DDoS,Low,Open,Automatically generated incident #523,Bob
2023-01-16,Ransomware,High,Open,Automatically generated incident #524,Alice
2024-05-07,Phishing,High,In Progress,Automatically generated incident #525,ITDepartment
2024-10-20,Ransomware,Low,In Progress,Automatically generated incident #526,Admin
2023-08-24,SQL Injection,Critical,Open,Automatically generated incident #527,SOC Analyst
2023-12-04,Brute Force,Medium,Open,Automatically generated incident #528,ITDepartment
2023-07-12,Unauthorized Access,Medium,Resolved,Automatically generated incident #529,SecurityTeam
2023-05-20,DDoS,High,In Progress,Automatically generated incident #530,ITDepartment
2024-01-15,SQL Injection,Low,In Progress,Automatically generated incident #531,ITDepartment
2023-06-21,Phishing,Medium,Resolved,Automatically generated incident #532,Admin
2024-06-29,Malware,Medium,In Progress,Automatically generated incident #533,Admin
2023-03-17,Ransomware,Critical,In Progress,Automatically generated incident #534,Bob
2023-12-11,Malware,Low,Open,Automatically generated incident #535,SOC Analyst
2023-05-11,Phishing,Critical,In Progress,Automatically generated incident #536,ITDepartment
2023-09-01,Ransomware,Medium,Resolved,Automatically generated incident #537,Alice
2023-09-09,DDoS,Medium,Open,Automatically generated incident #538,Alice
2023-04-26,Unauthorized Access,Medium,Open,Automatically generated incident #539,ITDepartment
2024-08-03,Brute Force,High,Resolved,Automatically generated incident #540,Admin
2023-08-31,SQL Injection,Low,Resolved,Automatically generated incident #541,Alice
2023-12-09,Malware,Low,Resolved,Automatically generated incident #542,ITDepartment
2023-09-12,Unauthorized Access,Low,Open,Automatically generated incident #543,SecurityTeam
2023-05-24,SQL Injection,Critical,In Progress,Automatically generated incident #544,Bob
2024-01-26,Ransomware,High,Open,Automatically generated incident #545,Alice
2024-06-08,Brute Force,Critical,Open,Automatically generated incident #546,Bob
2023-04-22,Malware,Critical,In Progress,Automatically generated incident #547,ITDepartment
2023-12-21,Brute Force,Low,Open,Automatically generated incident #548,ITDepartment
2024-01-02,Brute Force,Medium,In Progress,Automatically generated incident #549,SOC Analyst
2024-02-06,Phishing,High,Resolved,Automatically generated incident #550,SecurityTeam
2023-06-16,Unauthorized Access,Low,Resolved,Automatically generated incident #551,SOC Analyst
2023-09-18,SQL Injection,Medium,Open,Automatically generated incident #552,Admin
2024-02-12,DDoS,Low,In Progress,Automatically generated incident #553,SecurityTeam
2024-05-14,Unauthorized Access,Low,Open,Automatically generated incident #554,ITDepartment
2024-02-06,Unauthorized Access,Low,Open,Automatically generated incident #555,Alice
2024-07-17,SQL Injection,Low,In Progress,Automatically generated incident #556,Bob
2023-01-22,DDoS,Low,Open,Automatically generated incident #557,Alice
2024-10-01,Brute Force,Low,In Progress,Automatically generated incident #558,Bob
2024-07-11,SQL Injection,High,In Progress,Automatically generated incident #559,Admin
2023-12-02,Malware,Critical,Resolved,Automatically generated incident #560,Alice
2024-04-09,DDoS,Low,Open,Automatically generated incident #561,SOC Analyst
2023-08-24,DDoS,High,Resolved,Automatically generated incident #562,Bob
2024-02-11,Ransomware,High,Open,Automatically generated incident #563,Bob
2024-01-30,Phishing,Low,In Progress,Automatically generated incident #564,Admin
2024-11-19,Brute Force,Medium,In Progress,Automatically generated incident #565,SecurityTeam
2024-03-05,DDoS,High,In Progress,Automatically generated incident #566,SecurityTeam
2023-03-14,Phishing,High,In Progress,Automatically generated incident #567,Alice
2023-04-07,Unauthorized Access,Critical,Open,Automatically generated incident #568,Bob
2023-09-27,SQL Injection,Low,In Progress,Automatically generated incident #569,Admin
2023-01-29,SQL Injection,Medium,Open,Automatically generated incident #570,SecurityTeam
2023-07-19,DDoS,High,Resolved,Automatically generated incident #571,SecurityTeam
2023-01-03,Malware,High,Resolved,Automatically generated incident #572,SOC Analyst
2024-01-27,Ransomware,Low,Open,Automatically generated incident #573,SecurityTeam
2024-04-12,Unauthorized Access,Medium,Open,Automatically generated incident #574,SecurityTeam
2023-03-13,SQL Injection,High,Resolved,Automatically generated incident #575,Admin
2023-03-07,Brute Force,Low,In Progress,Automatically generated incident #576,ITDepartment
2024-07-03,Phishing,Medium,Open,Automatically generated incident #577,ITDepartment
2023-03-28,Unauthorized Access,High,Open,Automatically generated incident #578,SecurityTeam
2024-03-31,DDoS,Critical,In Progress,Automatically generated incident #579,Bob
2023-01-07,Phishing,Low,Resolved,Automatically generated incident #580,Bob
2024-02-06,Brute Force,High,In Progress,Automatically generated incident #581,ITDepartment
2024-10-31,SQL Injection,Critical,In Progress,Automatically generated incident #582,Bob
2024-06-12,Ransomware,Critical,Resolved,Automatically generated incident #583,Bob
2023-06-13,DDoS,Critical,Open,Automatically generated incident #584,Admin
2024-05-13,Ransomware,High,In Progress,Automatically generated incident #585,SOC Analyst
2024-06-28,Malware,Medium,In Progress,Automatically generated incident #586,SOC Analyst
2023-02-27,Malware,Low,Resolved,Automatically generated incident #587,Bob
2023-01-17,SQL Injection,Medium,In Progress,Automatically generated incident #588,Bob
2024-05-31,Phishing,Low,In Progress,Automatically generated incident #589,ITDepartment
2023-10-15,Phishing,Critical,Resolved,Automatically generated incident #590,Bob
2024-03-03,Malware,High,Resolved,Automatically generated incident #591,Alice
2024-08-16,Unauthorized Access,High,In Progress,Automatically generated incident #592,Alice
2023-04-23,Ransomware,Medium,Open,Automatically generated incident #593,Bob
2023-02-20,SQL Injection,Low,Open,Automatically generated incident #594,Bob
2023-11-19,Ransomware,High,Open,Automatically generated incident #595,ITDepartment
2024-10-08,Phishing,High,Open,Automatically generated incident #596,SecurityTeam
2023-06-04,Malware,High,Resolved,Automatically generated incident #597,Alice
2023-10-21,Brute Force,Low,Resolved,Automatically generated incident #598,Bob
2024-06-21,Brute Force,High,In Progress,Automatically generated incident #599,SecurityTeam
2024-11-21,SQL Injection,Low,Open,Automatically generated incident #600,Bob
2024-11-26,Phishing,Critical,Open,Automatically generated incident #601,Alice
2024-08-20,Brute Force,Medium,Resolved,Automatically generated incident #602,SOC Analyst
2023-03-30,Unauthorized Access,Low,Resolved,Automatically generated incident #603,Admin
2024-03-26,DDoS,Low,Open,Automatically generated incident #604,SOC Analyst
2024-08-06,Ransomware,High,In Progress,Automatically generated incident #605,Alice
2023-02-19,DDoS,Medium,In Progress,Automatically generated incident #606,Alice
2024-11-08,DDoS,Critical,Open,Automatically generated incident #607,Bob
2024-02-29,Unauthorized Access,Medium,Open,Automatically generated incident #608,Admin
2024-10-23,Ransomware,High,Resolved,Automatically generated incident #609,Admin
2023-11-12,SQL Injection,Critical,Resolved,Automatically generated incident #610,ITDepartment
2023-04-17,Malware,Critical,Open,Automatically generated incident #611,ITDepartment
2023-11-16,Brute Force,Critical,Open,Automatically generated incident #612,Admin
2023-01-01,Phishing,Low,Resolved,Automatically generated incident #613,Alice
2024-05-29,Malware,Medium,Open,Automatically generated incident #614,ITDepartment
2024-07-22,Phishing,High,In Progress,Automatically generated incident #615,ITDepartment
2024-01-15,DDoS,Low,In Progress,Automatically generated incident #616,SOC Analyst
2024-07-09,SQL Injection,Critical,Resolved,Automatically generated incident #617,Bob
2024-10-06,SQL Injection,Low,Resolved,Automatically generated incident #618,ITDepartment
2023-03-30,Unauthorized Access,High,Open,Automatically generated incident #619,SOC Analyst
2024-09-20,Ransomware,Medium,Open,Automatically generated incident #620,ITDepartment
2024-08-09,DDoS,Critical,In Progress,Automatically generated incident #621,SecurityTeam
2023-11-22,Malware,Medium,In Progress,Automatically generated incident #622,SecurityTeam
2024-08-18,Phishing,Low,Resolved,Automatically generated incident #623,SOC Analyst
2024-03-25,Phishing,Critical,Open,Automatically generated incident #624,Bob
2023-07-11,SQL Injection,High,Open,Automatically generated incident #625,SecurityTeam
2023-10-02,SQL Injection,Medium,Open,Automatically generated incident #626,ITDepartment
2024-07-21,Ransomware,Critical,In Progress,Automatically generated incident #627,Admin
2023-12-23,SQL Injection,High,Open,Automatically generated incident #628,ITDepartment
2023-03-22,Malware,Low,Open,Automatically generated incident #629,SOC Analyst
2024-04-23,Brute Force,Medium,In Progress,Automatically generated incident #630,SOC Analyst
2024-01-28,Brute Force,Medium,Open,Automatically generated incident #631,SecurityTeam
2024-07-01,Brute Force,Medium,Resolved,Automatically generated incident #632,Admin
2023-11-08,Ransomware,High,Open,Automatically generated incident #633,Alice
2024-06-11,Ransomware,Low,Resolved,Automatically generated incident #634,Admin
2024-02-13,Brute Force,Low,In Progress,Automatically generated incident #635,Alice
2024-08-05,Brute Force,Critical,Resolved,Automatically generated incident #636,SecurityTeam
2024-10-05,DDoS,High,Open,Automatically generated incident #637,SecurityTeam
2023-12-14,Brute Force,Medium,In Progress,Automatically generated incident #638,Bob
2023-04-16,Malware,Medium,Open,Automatically generated incident #639,ITDepartment
2024-11-17,Ransomware,High,Resolved,Automatically generated incident #640,Admin
2024-07-16,Phishing,Critical,Open,Automatically generated incident #641,Bob
2023-03-29,Unauthorized Access,Low,In Progress,Automatically generated incident #642,Bob
2023-01-04,Unauthorized Access,Medium,Open,Automatically generated incident #643,Admin
2024-06-21,Malware,High,In Progress,Automatically generated incident #644,Alice
2023-06-19,Malware,Low,In Progress,Automatically generated incident #645,Alice
2023-07-20,Phishing,High,Resolved,Automatically generated incident #646,Bob
2023-06-27,Ransomware,Medium,Open,Automatically generated incident #647,SecurityTeam
2023-06-18,Unauthorized Access,Critical,Open,Automatically generated incident #648,ITDepartment
2024-02-11,Malware,Low,In Progress,Automatically generated incident #649,Bob
2024-04-29,Unauthorized Access,High,Resolved,Automatically generated incident #650,Alice
2023-04-29,Phishing,Low,Resolved,Automatically generated incident #651,SecurityTeam
2023-09-09,Brute Force,Critical,Resolved,Automatically generated incident #652,SecurityTeam
2023-03-28,Unauthorized Access,High,In Progress,Automatically generated incident #653,Bob
2023-12-12,Ransomware,High,In Progress,Automatically generated incident #654,Bob
2024-01-14,Brute Force,High,Resolved,Automatically generated incident #655,SOC Analyst
2023-06-09,Malware,Low,Open,Automatically generated incident #656,SOC Analyst
2024-08-29,Malware,Critical,Open,Automatically generated incident #657,Admin
2023-01-23,Brute Force,Critical,Resolved,Automatically generated incident #658,SecurityTeam
2023-05-13,Malware,Low,In Progress,Automatically generated incident #659,ITDepartment
2023-12-04,DDoS,Medium,Resolved,Automatically generated incident #660,Bob
2023-06-25,Phishing,High,In Progress,Automatically generated incident #661,SecurityTeam
2023-10-22,Malware,High,Resolved,Automatically generated incident #662,ITDepartment
2023-11-04,SQL Injection,Critical,Resolved,Automatically generated incident #663,SOC Analyst
2024-03-03,DDoS,High,Open,Automatically generated incident #664,SecurityTeam
2023-02-03,Phishing,Medium,Open,Automatically generated incident #665,Alice
2023-04-13,Brute Force,Low,Resolved,Automatically generated incident #666,Alice
2024-05-20,Phishing,Medium,Open,Automatically generated incident #667,Alice
2023-06-15,Malware,Critical,In Progress,Automatically generated incident #668,SecurityTeam
2023-01-09,Ransomware,Medium,Open,Automatically generated incident #669,Alice
2023-04-19,Ransomware,Medium,Open,Automatically generated incident #670,SOC Analyst
2023-03-23,Ransomware,Low,In Progress,Automatically generated incident #671,ITDepartment
2024-03-08,Brute Force,Critical,Resolved,Automatically generated incident #672,ITDepartment
2023-12-26,SQL Injection,Critical,Resolved,Automatically generated incident #673,SecurityTeam
2024-03-12,Unauthorized Access,Low,Resolved,Automatically generated incident #674,Bob
2024-03-28,Brute Force,High,Open,Automatically generated incident #675,ITDepartment
2023-03-30,Unauthorized Access,High,Open,Automatically generated incident #676,SecurityTeam
2023-01-13,Brute Force,Low,In Progress,Automatically generated incident #677,SecurityTeam
2024-02-25,Ransomware,Critical,Resolved,Automatically generated incident #678,ITDepartment
2024-05-16,Unauthorized Access,Medium,In Progress,Automatically generated incident #679,Bob
2024-09-09,DDoS,High,In Progress,Automatically generated incident #680,ITDepartment
2024-02-07,Phishing,Medium,In Progress,Automatically generated incident #681,Bob
2023-03-04,Phishing,Medium,Open,Automatically generated incident #682,Alice
2023-08-11,Ransomware,Critical,Open,Automatically generated incident #683,Admin
2023-03-13,SQL Injection,High,Open,Automatically generated incident #684,SecurityTeam
2024-12-01,Malware,Medium,Open,Automatically generated incident #685,SecurityTeam
2024-05-01,Phishing,Medium,In Progress,Automatically generated incident #686,Alice
2024-11-28,Ransomware,Low,In Progress,Automatically generated incident #687,Bob
2024-10-21,SQL Injection,Low,In Progress,Automatically generated incident #688,SecurityTeam
2024-03-10,Ransomware,Medium,Resolved,Automatically generated incident #689,SOC Analyst
2024-10-19,SQL Injection,Low,In Progress,Automatically generated incident #690,Alice
2023-10-09,Phishing,Critical,Open,Automatically generated incident #691,ITDepartment
2024-05-22,Phishing,Low,Open,Automatically generated incident #692,SecurityTeam
2024-07-27,Ransomware,Critical,Resolved,Automatically generated incident #693,Bob
2024-02-29,Unauthorized Access,Medium,In Progress,Automatically generated incident #694,ITDepartment
2023-04-09,Brute Force,Critical,In Progress,Automatically generated incident #695,Alice
2023-09-27,DDoS,Low,Resolved,Automatically generated incident #696,ITDepartment
2024-03-19,Brute Force,Low,Resolved,Automatically generated incident #697,SOC Analyst
2023-11-14,DDoS,High,Open,Automatically generated incident #698,ITDepartment
2023-08-31,Ransomware,Low,Open,Automatically generated incident #699,ITDepartment
2024-04-08,Phishing,High,Resolved,Automatically generated incident #700,Admin
2024-01-24,Unauthorized Access,High,Open,Automatically generated incident #701,Alice
2023-08-29,DDoS,Low,In Progress,Automatically generated incident #702,Admin
2024-05-24,Brute Force,Medium,Resolved,Automatically generated incident #703,SecurityTeam
2023-10-16,Brute Force,High,Resolved,Automatically generated incident #704,ITDepartment
2024-05-20,Ransomware,Medium,In Progress,Automatically generated incident #705,SecurityTeam
2023-01-09,Unauthorized Access,Medium,In Progress,Automatically generated incident #706,Admin
2024-07-07,SQL Injection,Low,Resolved,Automatically generated incident #707,SOC Analyst
2023-06-30,Malware,Critical,Resolved,Automatically generated incident #708,ITDepartment
2023-07-01,Ransomware,Low,Open,Automatically generated incident #709,SecurityTeam
2023-06-19,Brute Force,Low,Open,Automatically generated incident #710,ITDepartment
2023-06-23,DDoS,High,In Progress,Automatically generated incident #711,ITDepartment
2023-02-08,Ransomware,Critical,Resolved,Automatically generated incident #712,ITDepartment
2023-11-25,DDoS,High,Resolved,Automatically generated incident #713,SecurityTeam
2023-02-22,DDoS,Medium,Open,Automatically generated incident #714,SOC Analyst
2023-08-23,Unauthorized Access,Critical,In Progress,Automatically generated incident #715,Bob
2023-06-26,Phishing,Critical,Open,Automatically generated incident #716,SOC Analyst
2023-06-04,Malware,Medium,Resolved,Automatically generated incident #717,SecurityTeam
2023-08-17,Malware,Medium,Open,Automatically generated incident #718,Bob
2024-11-07,Phishing,Medium,Resolved,Automatically generated incident #719,Admin
2023-09-27,Brute Force,Critical,In Progress,Automatically generated incident #720,Alice
2024-04-26,DDoS,Medium,In Progress,Automatically generated incident #721,ITDepartment
2024-04-14,Malware,High,In Progress,Automatically generated incident #722,Alice
2023-03-21,Phishing,Critical,Resolved,Automatically generated incident #723,SOC Analyst
2023-03-23,Malware,Low,In Progress,Automatically generated incident #724,SOC Analyst
2023-08-07,DDoS,Medium,Resolved,Automatically generated incident #725,Admin
2023-09-18,Phishing,High,Resolved,Automatically generated incident #726,ITDepartment
2023-05-01,Phishing,Critical,Resolved,Automatically generated incident #727,SecurityTeam
2024-06-09,Unauthorized Access,High,Resolved,Automatically generated incident #728,Admin
2023-05-11,SQL Injection,Critical,In Progress,Automatically generated incident #729,ITDepartment
2024-05-08,DDoS,High,Open,Automatically generated incident #730,SOC Analyst
2023-02-02,SQL Injection,Medium,In Progress,Automatically generated incident #731,SOC Analyst
2024-10-07,SQL Injection,Medium,Open,Automatically generated incident #732,ITDepartment
2023-12-03,DDoS,Medium,Open,Automatically generated incident #733,Bob
2024-09-26,Ransomware,Critical,Open,Automatically generated incident #734,SecurityTeam
2023-02-04,Ransomware,High,Resolved,Automatically generated incident #735,Admin
2024-11-28,Unauthorized Access,High,Resolved,Automatically generated incident #736,SecurityTeam
2024-08-28,Malware,High,Resolved,Automatically generated incident #737,ITDepartment
2023-09-15,Malware,Low,Resolved,Automatically generated incident #738,SOC Analyst
2023-03-28,Phishing,Critical,Open,Automatically generated incident #739,Alice
2024-02-14,Brute Force,High,In Progress,Automatically generated incident #740,ITDepartment
2024-06-29,Phishing,Medium,Resolved,Automatically generated incident #741,SecurityTeam
2024-02-18,Brute Force,High,In Progress,Automatically generated incident #742,Bob
2023-07-28,SQL Injection,High,In Progress,Automatically generated incident #743,SOC Analyst
2024-04-03,Phishing,Medium,Open,Automatically generated incident #744,Admin
2024-05-11,Malware,Low,Open,Automatically generated incident #745,ITDepartment
2023-07-07,SQL Injection,High,Resolved,Automatically generated incident #746,Bob
2024-04-10,Brute Force,High,Open,Automatically generated incident #747,Alice
2024-02-09,Brute Force,Medium,Resolved,Automatically generated incident #748,ITDepartment
2024-02-20,SQL Injection,Medium,In Progress,Automatically generated incident #749,Alice
2023-07-01,Unauthorized Access,Low,Open,Automatically generated incident #750,SecurityTeam
2023-10-08,Brute Force,Low,Open,Automatically generated incident #751,Admin
2024-08-19,DDoS,High,Resolved,Automatically generated incident #752,Bob
2024-09-09,Brute Force,Low,Resolved,Automatically generated incident #753,Admin
2024-03-03,Phishing,High,In Progress,Automatically generated incident #754,Admin
2024-11-28,DDoS,Medium,In Progress,Automatically generated incident #755,Alice
2024-07-07,SQL Injection,Critical,In Progress,Automatically generated incident #756,Alice
2023-03-12,Unauthorized Access,Critical,Open,Automatically generated incident #757,Alice
2024-11-20,Unauthorized Access,Low,Open,Automatically generated incident #758,SOC Analyst
2024-04-02,DDoS,High,Open,Automatically generated incident #759,Alice
2023-11-06,Unauthorized Access,High,In Progress,Automatically generated incident #760,SecurityTeam
2023-12-28,Malware,Critical,In Progress,Automatically generated incident #761,SOC Analyst
2024-05-06,DDoS,High,In Progress,Automatically generated incident #762,ITDepartment
2023-10-19,Brute Force,High,Open,Automatically generated incident #763,Admin
2024-11-11,Unauthorized Access,Critical,Resolved,Automatically generated incident #764,Admin
2023-11-12,Ransomware,High,Open,Automatically generated incident #765,Bob
2024-01-25,Unauthorized Access,Medium,Resolved,Automatically generated incident #766,Alice
2024-09-27,Phishing,High,Open,Automatically generated incident #767,Bob
2024-01-10,DDoS,Critical,In Progress,Automatically generated incident #768,Alice
2024-04-20,Malware,Critical,Resolved,Automatically generated incident #769,Admin
2023-01-12,DDoS,Critical,Resolved,Automatically generated incident #770,SecurityTeam
2023-09-18,Unauthorized Access,Medium,Resolved,Automatically generated incident #771,Alice
2023-09-02,Malware,Medium,Resolved,Automatically generated incident #772,ITDepartment
2024-04-10,DDoS,Critical,Resolved,Automatically generated incident #773,Alice
2023-12-20,Ransomware,Medium,Resolved,Automatically generated incident #774,Bob
2024-02-02,Brute Force,Medium,Open,Automatically generated incident #775,ITDepartment
2023-04-15,DDoS,Critical,In Progress,Automatically generated incident #776,SOC Analyst
2023-03-15,Phishing,High,In Progress,Automatically generated incident #777,ITDepartment
2023-05-13,Brute Force,High,In Progress,Automatically generated incident #778,SecurityTeam
2024-05-01,Ransomware,High,Resolved,Automatically generated incident #779,SOC Analyst
2023-10-08,Phishing,Critical,Open,Automatically generated incident #780,Alice
2023-10-31,Phishing,High,In Progress,Automatically generated incident #781,Alice
2023-01-12,Phishing,Critical,In Progress,Automatically generated incident #782,Admin
2024-10-21,Malware,Critical,In Progress,Automatically generated incident #783,Bob
2024-11-19,Unauthorized Access,Medium,Open,Automatically generated incident #784,Alice
2023-12-31,Malware,High,Resolved,Automatically generated incident #785,Admin
2024-02-14,Ransomware,High,Open,Automatically generated incident #786,SOC Analyst
2023-03-31,Unauthorized Access,High,Resolved,Automatically generated incident #787,ITDepartment
2024-09-29,Malware,Critical,Resolved,Automatically generated incident #788,SOC Analyst
2023-11-02,Brute Force,Low,Open,Automatically generated incident #789,ITDepartment
2024-10-17,Unauthorized Access,Low,In Progress,Automatically generated incident #790,ITDepartment
2023-10-04,Phishing,Critical,In Progress,Automatically generated incident #791,SOC Analyst
2023-03-04,Unauthorized Access,Medium,In Progress,Automatically generated incident #792,Admin
2023-08-22,Malware,Low,In Progress,Automatically generated incident #793,Alice
2024-07-08,Malware,High,In Progress,Automatically generated incident #794,SecurityTeam
2023-01-16,SQL Injection,Low,Open,Automatically generated incident #795,ITDepartment
2024-11-16,Ransomware,Medium,In Progress,Automatically generated incident #796,Admin
2024-09-29,DDoS,Medium,Open,Automatically generated incident #797,Admin
2024-06-18,Malware,Low,In Progress,Automatically generated incident #798,SecurityTeam
2023-06-27,DDoS,Critical,Resolved,Automatically generated incident #799,Bob
2024-02-10,Malware,High,Open,Automatically generated incident #800,Bob
2023-08-27,Phishing,Medium,In Progress,Automatically generated incident #801,SecurityTeam
2023-08-24,Ransomware,Low,In Progress,Automatically generated incident #802,ITDepartment
2024-12-01,Malware,High,Open,Automatically generated incident #803,Admin
2023-06-20,Ransomware,High,In Progress,Automatically generated incident #804,Admin
2023-01-03,Ransomware,Medium,In Progress,Automatically generated incident #805,SOC Analyst
2023-10-13,Malware,High,Open,Automatically generated incident #806,SOC Analyst
2024-08-02,Malware,Critical,Open,Automatically generated incident #807,Admin
2023-04-16,Brute Force,Critical,In Progress,Automatically generated incident #808,Admin
2024-01-22,DDoS,Medium,Resolved,Automatically generated incident #809,Alice
2023-04-28,Malware,Critical,Open,Automatically generated incident #810,Admin
2024-09-25,SQL Injection,Critical,Open,Automatically generated incident #811,SOC Analyst
2023-05-02,Unauthorized Access,Critical,Resolved,Automatically generated incident #812,Alice
2023-09-25,Unauthorized Access,Low,In Progress,Automatically generated incident #813,SecurityTeam
2023-12-13,Ransomware,Low,Open,Automatically generated incident #814,Bob
2023-09-24,Phishing,Low,Open,Automatically generated incident #815,Alice
2024-01-08,Brute Force,Critical,Resolved,Automatically generated incident #816,SecurityTeam
2024-06-21,DDoS,High,Resolved,Automatically generated incident #817,Alice
2023-02-15,Brute Force,Medium,Resolved,Automatically generated incident #818,ITDepartment
2023-03-05,Phishing,Medium,In Progress,Automatically generated incident #819,ITDepartment
2023-12-02,Ransomware,High,Open,Automatically generated incident #820,Admin
2023-11-11,Malware,Low,Open,Automatically generated incident #821,Admin
2024-11-22,Unauthorized Access,Low,Resolved,Automatically generated incident #822,SOC Analyst
2023-12-26,Unauthorized Access,Low,Open,Automatically generated incident #823,ITDepartment
2023-11-09,Malware,Medium,In Progress,Automatically generated incident #824,Admin
2023-01-09,DDoS,Low,Open,Automatically generated incident #825,ITDepartment
2024-09-05,Phishing,Critical,Open,Automatically generated incident #826,Admin
2024-02-06,Malware,Critical,Resolved,Automatically generated incident #827,SecurityTeam
2023-06-17,DDoS,Critical,In Progress,Automatically generated incident #828,SecurityTeam
2023-08-17,SQL Injection,High,Resolved,Automatically generated incident #829,Bob
2024-10-08,Ransomware,Critical,Open,Automatically generated incident #830,SecurityTeam
2024-09-16,Ransomware,Critical,Open,Automatically generated incident #831,SecurityTeam
2023-09-11,Ransomware,High,Resolved,Automatically generated incident #832,SOC Analyst
2024-03-12,SQL Injection,Low,Open,Automatically generated incident #833,SecurityTeam
2023-01-09,Ransomware,Low,In Progress,Automatically generated incident #834,ITDepartment
2023-10-08,Ransomware,High,Open,Automatically generated incident #835,Alice
2024-03-05,DDoS,Critical,In Progress,Automatically generated incident #836,ITDepartment
2024-06-10,Unauthorized Access,Medium,Resolved,Automatically generated incident #837,SecurityTeam
2024-10-03,SQL Injection,Low,Open,Automatically generated incident #838,Bob
2023-08-24,SQL Injection,Medium,In Progress,Automatically generated incident #839,Alice
2024-03-12,Phishing,High,Resolved,Automatically generated incident #840,SecurityTeam
2024-09-06,SQL Injection,Medium,In Progress,Automatically generated incident #841,Bob
2023-11-14,Brute Force,Critical,In Progress,Automatically generated incident #842,ITDepartment
2023-07-07,SQL Injection,High,Open,Automatically generated incident #843,Alice
2024-03-31,Ransomware,Medium,Resolved,Automatically generated incident #844,Alice
2023-04-29,Phishing,Medium,Resolved,Automatically generated incident #845,SecurityTeam
2023-10-02,Ransomware,Low,Open,Automatically generated incident #846,SecurityTeam
2023-06-12,Brute Force,Medium,In Progress,Automatically generated incident #847,Bob
2024-11-04,Brute Force,Medium,Resolved,Automatically generated incident #848,Bob
2024-09-10,Malware,Low,Open,Automatically generated incident #849,Bob
2024-11-08,DDoS,High,Resolved,Automatically generated incident #850,ITDepartment
2024-08-31,Brute Force,High,Resolved,Automatically generated incident #851,Alice
2023-05-05,SQL Injection,High,Open,Automatically generated incident #852,SecurityTeam
2023-03-15,Malware,Medium,Open,Automatically generated incident #853,SecurityTeam
2024-10-18,Phishing,High,Open,Automatically generated incident #854,SOC Analyst
2024-08-31,SQL Injection,Medium,Open,Automatically generated incident #855,SOC Analyst
2024-05-09,DDoS,Medium,In Progress,Automatically generated incident #856,Admin
2023-01-30,SQL Injection,High,Open,Automatically generated incident #857,Bob
2024-01-16,Ransomware,Critical,Resolved,Automatically generated incident #858,Alice
2023-01-07,Ransomware,Low,Open,Automatically generated incident #859,Alice
2023-10-12,SQL Injection,High,Open,Automatically generated incident #860,ITDepartment
2024-03-29,Brute Force,High,In Progress,Automatically generated incident #861,Alice
2024-01-21,Ransomware,High,In Progress,Automatically generated incident #862,SecurityTeam
2024-04-22,Ransomware,Medium,Resolved,Automatically generated incident #863,Alice
2023-10-22,Unauthorized Access,Critical,Resolved,Automatically generated incident #864,Admin
2023-04-30,DDoS,Critical,Resolved,Automatically generated incident #865,Admin
2024-10-02,Brute Force,Critical,Open,Automatically generated incident #866,Alice
2024-04-13,Phishing,Critical,In Progress,Automatically generated incident #867,ITDepartment
2024-07-28,Unauthorized Access,High,In Progress,Automatically generated incident #868,Alice
2023-01-07,Ransomware,High,Open,Automatically generated incident #869,Alice
2023-06-05,Brute Force,Medium,In Progress,Automatically generated incident #870,Alice
2024-11-05,Ransomware,Medium,Open,Automatically generated incident #871,Bob
2024-04-22,Malware,High,In Progress,Automatically generated incident #872,SecurityTeam
2024-03-01,Brute Force,Medium,Resolved,Automatically generated incident #873,ITDepartment
2024-05-12,Brute Force,Low,Resolved,Automatically generated incident #874,Admin
2023-11-05,DDoS,Medium,Open,Automatically generated incident #875,SOC Analyst
2024-09-18,Malware,Critical,Open,Automatically generated incident #876,Admin
2023-10-01,Malware,Medium,In Progress,Automatically generated incident #877,SecurityTeam
2023-05-10,SQL Injection,Critical,Open,Automatically generated incident #878,Bob
2024-04-28,Unauthorized Access,High,Open,Automatically generated incident #879,Alice
2023-09-25,Brute Force,Medium,Open,Automatically generated incident #880,ITDepartment
2023-02-28,Ransomware,Critical,Open,Automatically generated incident #881,Bob
2023-10-20,Brute Force,Medium,Open,Automatically generated incident #882,Admin
2024-02-16,Malware,Medium,Resolved,Automatically generated incident #883,SecurityTeam
2024-08-28,Unauthorized Access,High,In Progress,Automatically generated incident #884,SecurityTeam
2023-10-14,SQL Injection,Critical,Open,Automatically generated incident #885,Admin
2024-01-13,DDoS,Low,Open,Automatically generated incident #886,Alice
2023-08-04,Brute Force,Medium,Open,Automatically generated incident #887,Admin
2024-08-22,Ransomware,Low,In Progress,Automatically generated incident #888,ITDepartment
2023-12-15,DDoS,High,Open,Automatically generated incident #889,SOC Analyst
2023-09-11,SQL Injection,Critical,In Progress,Automatically generated incident #890,Alice
2023-08-22,Brute Force,Low,Open,Automatically generated incident #891,ITDepartment
2023-06-04,Brute Force,Medium,Open,Automatically generated incident #892,SecurityTeam
2024-09-21,Unauthorized Access,High,Open,Automatically generated incident #893,SecurityTeam
2024-07-05,Brute Force,Medium,Resolved,Automatically generated incident #894,ITDepartment
2023-02-09,Unauthorized Access,Medium,In Progress,Automatically generated incident #895,SOC Analyst
2023-02-23,Ransomware,Low,Open,Automatically generated incident #896,ITDepartment
2023-04-24,Ransomware,Low,In Progress,Automatically generated incident #897,ITDepartment
2024-03-21,DDoS,Low,Open,Automatically generated incident #898,Admin
2023-02-05,DDoS,Low,In Progress,Automatically generated incident #899,SOC Analyst
2023-05-06,SQL Injection,Medium,In Progress,Automatically generated incident #900,ITDepartment
2023-09-04,Phishing,Critical,Resolved,Automatically generated incident #901,SOC Analyst
2024-09-07,Phishing,Critical,Open,Automatically generated incident #902,SOC Analyst
2023-09-10,DDoS,Low,Open,Automatically generated incident #903,ITDepartment
2024-08-10,Phishing,Low,Resolved,Automatically generated incident #904,ITDepartment
2023-11-06,Unauthorized Access,Medium,Resolved,Automatically generated incident #905,Admin
2023-08-13,Brute Force,High,Open,Automatically generated incident #906,SecurityTeam
2024-02-16,Malware,Critical,In Progress,Automatically generated incident #907,Bob
2023-01-15,Unauthorized Access,Medium,Resolved,Automatically generated incident #908,SecurityTeam
2024-02-11,Brute Force,High,In Progress,Automatically generated incident #909,Alice
2023-03-06,Phishing,Low,Open,Automatically generated incident #910,SecurityTeam
2024-10-02,SQL Injection,Low,In Progress,Automatically generated incident #911,Alice
2023-04-08,Phishing,Medium,In Progress,Automatically generated incident #912,ITDepartment
2023-11-24,Brute Force,Low,In Progress,Automatically generated incident #913,ITDepartment
2023-08-16,Ransomware,High,In Progress,Automatically generated incident #914,Admin
2023-07-25,SQL Injection,Medium,Resolved,Automatically generated incident #915,SOC Analyst
2024-03-04,Phishing,Low,Open,Automatically generated incident #916,Admin
2023-02-01,Ransomware,Low,In Progress,Automatically generated incident #917,ITDepartment
2024-05-17,Ransomware,Low,Resolved,Automatically generated incident #918,SOC Analyst
2023-11-22,Brute Force,Low,Resolved,Automatically generated incident #919,SOC Analyst
2023-11-14,Malware,Medium,Open,Automatically generated incident #920,ITDepartment
2023-05-23,Phishing,Critical,Open,Automatically generated incident #921,Alice
2023-08-01,Malware,Critical,Open,Automatically generated incident #922,Alice
2023-11-14,Brute Force,Low,Open,Automatically generated incident #923,Admin
2024-07-07,Malware,Low,Resolved,Automatically generated incident #924,ITDepartment
2024-04-12,Ransomware,Critical,Resolved,Automatically generated incident #925,Bob
2024-02-03,Unauthorized Access,Medium,In Progress,Automatically generated incident #926,SecurityTeam
2024-04-12,Brute Force,Medium,In Progress,Automatically generated incident #927,SecurityTeam
2023-09-10,Brute Force,Critical,Open,Automatically generated incident #928,Alice
2023-04-06,Ransomware,Medium,Resolved,Automatically generated incident #929,Bob
2023-11-24,Unauthorized Access,Medium,Open,Automatically generated incident #930,SOC Analyst
2024-07-31,DDoS,High,In Progress,Automatically generated incident #931,SOC Analyst
2023-10-30,DDoS,High,Open,Automatically generated incident #932,SecurityTeam
2024-05-06,Brute Force,Medium,Resolved,Automatically generated incident #933,SOC Analyst
2024-11-15,Ransomware,Medium,In Progress,Automatically generated incident #934,SecurityTeam
2023-05-24,Phishing,Medium,In Progress,Automatically generated incident #935,SecurityTeam
2023-11-12,Ransomware,Low,In Progress,Automatically generated incident #936,Alice
2023-02-14,DDoS,Medium,Resolved,Automatically generated incident #937,Alice
2024-04-28,Phishing,Critical,Resolved,Automatically generated incident #938,SecurityTeam
2024-07-25,Brute Force,Low,Resolved,Automatically generated incident #939,Alice
2024-07-11,Malware,Critical,In Progress,Automatically generated incident #940,SOC Analyst
2023-12-27,DDoS,Critical,In Progress,Automatically generated incident #941,Bob
2023-08-13,Phishing,Medium,Resolved,Automatically generated incident #942,Bob
2024-03-20,Unauthorized Access,High,Open,Automatically generated incident #943,Alice
2024-03-02,Brute Force,Medium,Resolved,Automatically generated incident #944,SOC Analyst
2024-09-03,Phishing,Low,Open,Automatically generated incident #945,Bob
2023-01-20,SQL Injection,High,Open,Automatically generated incident #946,Admin
2024-02-28,Ransomware,Medium,Resolved,Automatically generated incident #947,Admin
2024-11-29,Unauthorized Access,High,Resolved,Automatically generated incident #948,Bob
2023-09-08,Ransomware,High,In Progress,Automatically generated incident #949,Alice
2024-07-01,Ransomware,Low,In Progress,Automatically generated incident #950,Alice
2024-06-19,Brute Force,Low,In Progress,Automatically generated incident #951,ITDepartment
2024-04-05,SQL Injection,Low,Open,Automatically generated incident #952,Admin
2023-01-24,Brute Force,Critical,In Progress,Automatically generated incident #953,SecurityTeam
2024-04-05,Ransomware,Medium,Open,Automatically generated incident #954,SecurityTeam
2024-02-14,Phishing,Critical,Open,Automatically generated incident #955,Bob
2023-06-03,Phishing,High,Open,Automatically generated incident #956,SecurityTeam
2024-06-02,SQL Injection,Critical,Resolved,Automatically generated incident #957,Admin
2023-08-25,Brute Force,High,Resolved,Automatically generated incident #958,SOC Analyst
2023-06-27,Malware,High,Resolved,Automatically generated incident #959,ITDepartment
2024-09-04,DDoS,Critical,Open,Automatically generated incident #960,SecurityTeam
2024-09-19,DDoS,Medium,Resolved,Automatically generated incident #961,Bob
2024-01-15,Brute Force,Low,Resolved,Automatically generated incident #962,SecurityTeam
2024-11-13,Brute Force,High,Resolved,Automatically generated incident #963,Bob
2023-06-21,Brute Force,Critical,Open,Automatically generated incident #964,Bob
2024-09-04,Malware,Critical,Open,Automatically generated incident #965,ITDepartment
2024-10-01,Ransomware,Medium,In Progress,Automatically generated incident #966,ITDepartment
2024-11-22,Malware,Critical,Open,Automatically generated incident #967,SOC Analyst
2023-12-10,Ransomware,Medium,Resolved,Automatically generated incident #968,ITDepartment
2023-06-24,Brute Force,Low,In Progress,Automatically generated incident #969,ITDepartment
2024-06-18,Brute Force,Low,Open,Automatically generated incident #970,Admin
2024-06-15,DDoS,Medium,In Progress,Automatically generated incident #971,Bob
2023-09-13,Malware,High,Resolved,Automatically generated incident #972,Bob
2024-06-07,DDoS,Medium,In Progress,Automatically generated incident #973,SecurityTeam
2023-03-02,SQL Injection,Critical,Open,Automatically generated incident #974,Bob
2024-02-15,Unauthorized Access,High,Resolved,Automatically generated incident #975,ITDepartment
2023-12-31,Brute Force,Low,Open,Automatically generated incident #976,Alice
2023-10-30,Phishing,High,Open,Automatically generated incident #977,Alice
2024-09-26,Malware,High,Resolved,Automatically generated incident #978,SecurityTeam
2024-04-03,Malware,High,Resolved,Automatically generated incident #979,ITDepartment
2023-02-23,Ransomware,High,Open,Automatically generated incident #980,Bob
2023-06-14,Phishing,Low,In Progress,Automatically generated incident #981,Alice
2023-07-26,Phishing,Low,In Progress,Automatically generated incident #982,Admin
2024-06-28,DDoS,High,In Progress,Automatically generated incident #983,SOC Analyst
2024-07-22,SQL Injection,Critical,In Progress,Automatically generated incident #984,ITDepartment
2024-04-24,DDoS,Medium,Resolved,Automatically generated incident #985,Admin
2023-08-18,SQL Injection,High,Resolved,Automatically generated incident #986,SOC Analyst
2024-02-21,Ransomware,Medium,In Progress,Automatically generated incident #987,Bob
2023-05-30,Brute Force,Critical,Resolved,Automatically generated incident #988,SecurityTeam
2023-02-18,Phishing,High,Resolved,Automatically generated incident #989,ITDepartment
2024-08-25,SQL Injection,Medium,Open,Automatically generated incident #990,Admin
2023-01-19,Malware,Medium,Open,Automatically generated incident #991,SecurityTeam
2024-08-31,Unauthorized Access,Critical,Resolved,Automatically generated incident #992,ITDepartment
2024-02-20,Malware,Medium,Resolved,Automatically generated incident #993,Alice
2024-06-29,SQL Injection,High,Open,Automatically generated incident #994,Bob
2023-05-29,SQL Injection,High,Resolved,Automatically generated incident #995,ITDepartment
2023-11-07,Malware,Critical,Resolved,Automatically generated incident #996,SOC Analyst
2023-07-13,SQL Injection,Critical,In Progress,Automatically generated incident #997,Admin
2023-02-19,Unauthorized Access,Low,In Progress,Automatically generated incident #998,Admin
2023-03-24,Brute Force,High,In Progress,Automatically generated incident #999,Admin
2023-11-20,SQL Injection,Low,Open,Automatically generated incident #1000,SecurityTeam
